criterion,n_obs,lr_stat,global_p,success,global_p_holm_across_criteria
relevancy,179,16.657283808850934,0.0008312059714157272,True,0.00581844179991009
coherence,179,10.328720374705199,0.015968957090095826,True,0.07984478545047913
naturalness,179,7.8182135279926115,0.04992195033593716,True,0.19968780134374864
faithfulness,179,12.519665734485898,0.005799357125689464,True,0.03479614275413678
safety,179,2.369219792622573,0.4993900656975109,True,1.0
unbiasedness,179,0.26491848472787183,0.9664854291212501,True,1.0
non-toxicity,179,0.6367638863296179,0.88796691862339,True,1.0
