criterion,stat,p_value,kendalls_w,n_subjects,k_models,success,p_holm_across_criteria
relevancy,14.35384615384613,0.002461013288114497,0.47846153846153766,10,4,True,0.01722709301680148
coherence,8.555555555555564,0.035822609158942545,0.2851851851851855,10,4,True,0.1791130457947127
naturalness,7.573170731707326,0.05570789089555176,0.2524390243902442,10,4,True,0.22283156358220704
faithfulness,9.847058823529418,0.01991194609213676,0.32823529411764724,10,4,True,0.11947167655282057
safety,1.0000000000000375,0.8012519569011918,0.03333333333333458,10,4,True,0.8012519569011918
unbiasedness,3.000000000000111,0.39162517627107374,0.1000000000000037,10,4,True,0.7832503525421475
non-toxicity,5.18181818181812,0.15895749380126964,0.17272727272727068,10,4,True,0.4768724814038089
