criterion,stat,p_value,kendalls_w,n_subjects,k_models,success,p_holm_across_criteria
relevancy,3.8999999999999964,0.2724667583179895,0.3249999999999997,4.0,4.0,True,1.0
coherence,4.6,0.20354208167936488,0.19166666666666665,8.0,4.0,True,1.0
naturalness,0.1139240506329157,0.9901156673646591,0.0037974683544305236,10.0,4.0,True,1.0
faithfulness,7.875000000000008,0.048666968265671066,0.2625000000000003,10.0,4.0,True,0.2920018095940264
safety,3.0,0.3916251762710877,0.5,2.0,4.0,True,1.0
unbiasedness,,,,,,False,
non-toxicity,1.0540540540540555,0.7881755589271551,0.07027027027027037,5.0,4.0,True,1.0
